OBJECTID,LAD21CD,LAD21NM,LAD21NMW,BNG_E,BNG_N,LONG,LAT,Shape__Area,Shape__Length,GlobalID
1,E06000001,Hartlepool,,447160,531474,-1.27018,54.67614,96029731.0315857,51065.3135086548,bf65113c-1876-465f-ae00-e3a8d1d818e5
2,E06000002,Middlesbrough,,451141,516887,-1.21099,54.54467,55231203.4967957,35500.3473326968,8b114ff8-da9a-4c1f-a140-63a64aa4a255
3,E06000003,Redcar and Cleveland,,464361,519597,-1.00608,54.56752,248342841.018921,78449.4289355812,cddd1300-1db4-41d0-b8ca-e39eea3d7a5b
4,E06000004,Stockton-on-Tees,,444940,518183,-1.30664,54.55691,205231497.04303,87566.5629413571,2ad7a998-c3f1-40f5-a229-3c4cbea47a6e
5,E06000005,Darlington,,428029,515648,-1.56835,54.53534,198812770.766724,91926.8395447382,80e1ef48-63cf-47aa-9536-a0f7195012b2
6,E06000006,Halton,,354246,382146,-2.68853,53.33424,82892522.3463135,59055.4173413558,d3081b74-7d51-4085-a6c0-950e90bf38e8
7,E06000007,Warrington,,362744,388456,-2.56167,53.39163,178742992.981346,71969.486708141,8d9fdd96-8dda-4e85-992d-94fc72692b5f
8,E06000008,Blackburn with Darwen,,369490,422806,-2.4636,53.7008,139386372.837677,55099.1506570023,695cf0c1-e276-47f2-b831-d9ad7ad166d9
9,E06000009,Blackpool,,332819,436635,-3.02199,53.82164,33544256.6792297,29836.7031323092,c3daaa26-a4a5-4063-ab6b-3e96c118a95d
10,E06000010,"Kingston upon Hull, City of",,511894,431650,-0.30382,53.7692,70877325.5365448,41041.0259037143,e5ea6f83-bcbc-4031-b164-15a1a0630f65
11,E06000011,East Riding of Yorkshire,,488056,443597,-0.66195,53.88112,2412608696.24837,340845.926403562,b2781f8e-df01-4fa4-8b5d-41f0a9a4c913
12,E06000012,North East Lincolnshire,,523465,404564,-0.13911,53.52327,187657860.986023,75953.9464840529,0beb4fb9-7f3c-4563-980b-82f2d6bc975c
13,E06000013,North Lincolnshire,,497800,410993,-0.52407,53.58643,846504824.172562,177073.414168893,ba87f726-810d-4fc2-87a5-72863b199e31
14,E06000014,York,,460864,452589,-1.07375,53.96582,275337173.711197,84247.079326647,fa03d482-677b-4f1d-8f6b-f14133972489
15,E06000015,Derby,,435609,335375,-1.47189,52.91464,78270268.2160492,40201.8369858684,1c0b8680-c07b-4092-8bc5-88306a0c456b
16,E06000016,Leicester,,458946,304594,-1.1304,52.63592,73589165.1551971,40830.2301887663,392cf99a-a006-42d8-aff0-e755104b4e6a
17,E06000017,Rutland,,492992,308655,-0.6263,52.66765,391236502.735062,96479.8875935304,4924ec29-36ef-4486-9b05-06ca6219a885
18,E06000018,Nottingham,,456082,339969,-1.16667,52.95419,75870408.9552002,49574.8901430337,ee3750b8-46b9-4688-ac79-a36f506fb2ea
19,E06000019,"Herefordshire, County of",,349434,242834,-2.73931,52.08154,2180535921.6058,285426.725560057,265269a7-c186-4a25-863e-bb98e0beba70
20,E06000020,Telford and Wrekin,,367035,313057,-2.48941,52.71417,291802973.438316,93575.1938714998,e4ccd2e9-9db7-47c0-8ebe-4211016940b6
21,E06000021,Stoke-on-Trent,,389438,346652,-2.15888,53.01707,92988650.0173569,51304.0331368415,49f2259e-7745-4d99-9297-57edb612aab7
22,E06000022,Bath and North East Somerset,,366217,161999,-2.48654,51.35604,348611816.21056,107062.696328706,2a6319d8-b353-49ca-adb8-9a0ae4e85b68
23,E06000023,"Bristol, City of",,359990,174846,-2.57742,51.47115,109332685.427834,63560.5257930018,b3ae10a9-aad3-40f3-b001-e65c62890f26
24,E06000024,North Somerset,,347614,166718,-2.75438,51.39706,372310880.979977,109732.131493846,dcf3e981-791f-4647-bfff-37217235e8bf
25,E06000025,South Gloucestershire,,367559,183198,-2.46922,51.54673,522989576.048332,116032.494045317,8a02a48c-6bee-4159-b7f3-f1f4ea115ccb
26,E06000026,Plymouth,,249945,58255,-4.11297,50.40494,82878635.1636992,49423.7522464011,37ea9e6c-e1a3-4d31-99bb-06908623b776
27,E06000027,Torbay,,289730,64613,-3.55523,50.47092,64586473.2809744,56147.5606197803,350f7783-d7ef-4bda-a4d8-2aeae266a535
28,E06000030,Swindon,,418551,186564,-1.73367,51.57763,227720526.640511,83649.254196991,f1b17463-fcdf-4cb3-8a97-302c979c0ffa
29,E06000031,Peterborough,,517372,300777,-0.26874,52.59214,341526539.430695,97208.3826482827,3c1a8718-c30a-4eeb-b537-8264d518e753
30,E06000032,Luton,,508606,222559,-0.42319,51.89102,44068117.7992706,30772.5559397546,4bf92a63-cad1-43eb-ba69-011932b0a52c
31,E06000033,Southend-on-Sea,,587777,186837,0.706923,51.54917,44204786.1992645,33128.182767915,226f7c1f-85b1-4955-8d9f-689956b4e981
32,E06000034,Thurrock,,562123,181590,0.334861,51.50998,162740425.753487,68756.3253888292,b1690ea4-de64-4980-b8a0-2b40f13e533d
33,E06000035,Medway,,578207,175198,0.563174,51.44772,191217828.310158,112723.919080566,ef8f98cb-760e-4acd-8d43-0186f40a4c18
34,E06000036,Bracknell Forest,,488169,168792,-0.73363,51.4113,108233672.335564,57917.0191370737,f72485bb-74a1-4156-9a08-caeaf02c30a3
35,E06000037,West Berkshire,,450575,172095,-1.27364,51.44559,701217777.186142,143114.430665937,64600edb-1f1f-48b9-9049-2d7a1d8dd9f3
36,E06000038,Reading,,470226,173154,-0.99071,51.45302,41326311.0230942,30503.9475666732,d6706338-edac-4352-8c1c-883dbfe8ea12
37,E06000039,Slough,,498920,179246,-0.57617,51.5035,32201925.6620255,37004.5367813503,39ccd322-2c72-485d-8fb6-adc08882a7ad
38,E06000040,Windsor and Maidenhead,,492079,176541,-0.67541,51.48034,197867256.121666,102785.912931044,f3205b76-a006-4117-8803-ac8856dc114d
39,E06000041,Wokingham,,476624,169902,-0.89935,51.42296,179124859.588287,75874.001667713,844d1908-70b0-4d68-8e3f-6a2ddb35746d
40,E06000042,Milton Keynes,,486408,242308,-0.7407,52.07241,309327268.513161,87925.4078110089,44333628-2cb5-45be-a9ca-e36905347315
41,E06000043,Brighton and Hove,,530279,106850,-0.15079,50.8465,85523816.9098053,48465.2595079761,9d5cd1bf-0f48-4f2c-8239-1c470d98597c
42,E06000044,Portsmouth,,465619,101352,-1.07006,50.808,39179201.5992355,51822.3304973713,d4a4d6c2-2c49-4e1e-bad6-536195e95639
43,E06000045,Southampton,,442303,113700,-1.39952,50.9212,53090942.7962074,38059.1776022029,53a1ebc4-65b6-460c-a8ec-0245da724e4e
44,E06000046,Isle of Wight,,447183,85949,-1.33366,50.67129,381511432.225914,107978.588484264,13cd36f4-6322-407c-9241-8d15931aaedd
45,E06000047,County Durham,,410381,532242,-1.8405,54.68513,2231988647.84576,263878.118178794,5d416ff2-80d2-4df7-b68d-be0f02726b3a
46,E06000049,Cheshire East,,380510,363462,-2.29299,53.16793,1168796057.55982,236392.416985265,660797ed-8389-46dd-8561-792dbdbf3d2d
47,E06000050,Cheshire West and Chester,,353097,363145,-2.70298,53.16336,916830429.661804,214192.150741633,8dfa7e4b-8010-4fd9-a4ee-80d4a2ebe7f5
48,E06000051,Shropshire,,350227,302960,-2.73667,52.62212,3188264185.4566,469624.12470206,7ce8211e-e136-4813-accf-fb23236ddf9b
49,E06000052,Cornwall,,212497,64493,-4.64254,50.45022,3575313951.67982,545642.943121172,77b734cd-2ffc-474e-af28-1c049910e03e
50,E06000053,Isles of Scilly,,91327,11447,-6.30217,49.92332,13752661.9543321,40530.3598030739,dafd5223-de79-4d7e-8fcb-82e95072fb67
51,E06000054,Wiltshire,,405209,158863,-1.92661,51.32883,3258221477.74877,348922.106721656,08e105f0-c3be-4bc1-a993-31ad99e5fd14
52,E06000055,Bedford,,505721,256463,-0.45463,52.19628,474719272.55294,115792.615220289,7c32693f-4351-4f3e-beb8-ecab9d58b248
53,E06000056,Central Bedfordshire,,504615,234492,-0.47754,51.99903,709169826.973618,200740.568495412,3c388c48-77fa-44f7-b57e-ee7bdabdce49
54,E06000057,Northumberland,,395322,600699,-2.07523,55.30037,5027331191.83116,424724.673556208,7b8b1371-031b-4cd9-8591-babd9942cae5
55,E06000058,"Bournemouth, Christchurch and Poole",,410815,94066,-1.84807,50.74609,162067754.690022,94498.5164344831,d2c0242e-38d4-4d23-8a4d-3ea6f1d94016
56,E06000059,Dorset,,370871,99796,-2.41467,50.79697,2487596229.28313,388926.042009357,a24ecc8c-39b2-454f-97d3-6dc267f6b969
57,E06000060,Buckinghamshire,,482506,208561,-0.80569,51.76966,1572439224.26833,301381.02531839,81a7eb53-d09c-4fa4-9e59-4624fd26254e
58,E06000061,North Northamptonshire,,493590,281718,-0.62504,52.42546,993517603.335907,173357.257991634,d285fcf6-0ff2-4ea3-b4b4-4e95406d56bb
59,E06000062,West Northamptonshire,,467187,263879,-1.01682,52.26898,1374390676.47778,214647.43532521,47e9c9d8-0626-45dd-b8cf-7cfc34cda696
60,E07000008,Cambridge,,545420,257901,0.126436,52.20017,40207020.3266754,30618.5641218865,2ad87126-1c33-4905-bc3f-3b1185eb9d63
61,E07000009,East Cambridgeshire,,555576,275765,0.283149,52.35788,657742533.360123,166638.442876232,17d3a545-ae2d-43d9-959a-01d1cd719532
62,E07000010,Fenland,,536361,294959,0.009016,52.53544,548320875.846436,136403.379974394,775bde17-14c7-4b7a-bee2-a289d0d685ab
63,E07000011,Huntingdonshire,,521008,274269,-0.2247,52.35315,911218575.238808,193568.986000984,7f50e80f-ccf9-4a3b-95b0-b5178b6e5ca9
64,E07000012,South Cambridgeshire,,543295,247586,0.091017,52.10805,898564128.722878,225220.831060765,2562553c-43ed-41b2-8d9e-dda3bd46e349
65,E07000026,Allerdale,,317520,532997,-3.2809,54.68524,1255990168.01505,202110.367884699,447b9f47-242f-4c3c-9f1a-0d469b5140a3
66,E07000027,Barrow-in-Furness,,321741,474165,-3.1999,54.15731,74597901.8172607,85580.8164387654,8a50d21e-540a-4530-a258-f849b1dbfde7
67,E07000028,Carlisle,,348576,565154,-2.80498,54.97833,1041241339.79724,179473.925491952,d73c86a2-cc37-4d39-a98e-10ec42621563
68,E07000029,Copeland,,310871,508739,-3.37664,54.46617,740589422.153091,142438.948211678,86ddcd32-a774-439b-bf63-d7a9373031cb
69,E07000030,Eden,,359636,526396,-2.62678,54.63107,2159475601.99832,236152.716988384,776e6d01-8c8d-45c0-98e4-5e9143411372
70,E07000031,South Lakeland,,349265,489555,-2.78108,54.29908,1560618947.19102,239587.648754935,0ad28851-680f-435e-b680-997c7215e8f6
71,E07000032,Amber Valley,,436166,348084,-1.46219,53.02884,267681266.486084,85444.7262481982,a2758e0f-c525-4420-861a-e56a3cd29f5d
72,E07000033,Bolsover,,448666,371548,-1.27228,53.23875,160954585.782211,82096.4194763555,29b988ed-b774-4c68-b33f-6bf3eca65481
73,E07000034,Chesterfield,,440049,373359,-1.40115,53.25575,65592701.8692932,41521.4567240287,d3dfa216-b08d-4c3b-aff2-ece9301c3bff
74,E07000035,Derbyshire Dales,,419697,358493,-1.70711,53.12326,795379595.210716,197736.975829844,8a20d4b9-6265-4daf-950f-b7b2f7ba7cf1
75,E07000036,Erewash,,443721,338063,-1.3509,52.9382,108863746.303848,57580.622577382,9d04369f-6e89-4710-ad46-58133070c8a6
76,E07000037,High Peak,,410474,387660,-1.84398,53.38569,539851897.894226,133612.92951375,eabfabd6-34d9-42c6-8d54-455d41ba6225
77,E07000038,North East Derbyshire,,437369,362955,-1.44253,53.16243,274688141.146515,129145.462960491,145527cb-b3d8-484e-9559-fe7fe84dae7d
78,E07000039,South Derbyshire,,431443,325363,-1.5348,52.8249,336648443.411095,128744.963146114,d1c6a2ab-8b88-4572-9be6-9673b8c0948e
79,E07000040,East Devon,,313790,96050,-3.22359,50.7576,818297422.401768,170025.4089923,74811661-be69-45c3-a823-645c636db88d
80,E07000041,Exeter,,293239,92005,-3.51368,50.71782,46654313.0437069,30619.3308594926,e4347b93-0495-4f33-a4e1-e5a6ef77e515
81,E07000042,Mid Devon,,288064,108911,-3.59212,50.86882,906820123.649376,204276.477064197,0a1d942c-8318-463a-8585-db0afc2a907f
82,E07000043,North Devon,,265110,132532,-3.92691,51.07621,1091493019.44393,198486.231712996,668041f4-78bb-4de0-a00c-46e90dd9a526
83,E07000044,South Hams,,270676,54036,-3.81996,50.37195,892129907.743185,234579.170889892,36f9802b-cd35-4b49-b4e2-9c872a755b49
84,E07000045,Teignbridge,,283144,80205,-3.65289,50.60981,676040869.669392,132652.007507987,9d2da7fd-084b-4bf0-8c49-a5f9c52bb019
85,E07000046,Torridge,,244206,114334,-4.21728,50.90739,986348684.235382,225353.561440615,1d878d18-25e5-43bc-9109-2b78d4159186
86,E07000047,West Devon,,256376,86990,-4.03361,50.66481,1167206933.63758,203142.602198138,c41427e1-a236-4112-9c22-b921c1915c2c
87,E07000061,Eastbourne,,559339,99575,0.258516,50.77387,44422579.0416946,29568.7014120863,20b6ded3-b7e2-496b-8fd4-8c425eca970f
88,E07000062,Hastings,,581528,110694,0.578395,50.86724,29407592.2364349,27723.0916029145,41b75a00-42e8-4935-8fa5-622c2fbc0e63
89,E07000063,Lewes,,541474,105686,0.007671,50.83341,292456497.860046,94163.1853254397,498577b6-c253-4d1b-8fb9-ea16f89d786c
90,E07000064,Rother,,578721,119666,0.542937,50.94871,515729497.578979,134081.699846951,690f4757-c5fd-45a6-8f02-efb41611b7d6
91,E07000065,Wealden,,555048,117180,0.205156,50.93322,839411196.319878,169030.530068946,274bf7ad-556b-4ec2-92b4-e5f07d7cd30c
92,E07000066,Basildon,,571548,190848,0.475055,51.59036,110769952.632591,48910.4576814545,5465bdac-3bb3-4c0f-93b9-b24e8f4d4b13
93,E07000067,Braintree,,577253,227335,0.575911,51.91634,612574968.507874,131727.891724061,921341be-e366-4ecc-abeb-50b70d35e587
94,E07000068,Brentwood,,558560,196070,0.290091,51.64108,153037244.153191,62499.6745087456,467aff73-478f-4918-872f-8572d55f7d65
95,E07000069,Castle Point,,579490,187920,0.588084,51.56159,43416469.6584396,39592.4101348009,510e1550-cfa8-4868-b8fc-5d776506a835
96,E07000070,Chelmsford,,572116,206972,0.491177,51.73503,340537513.556282,94187.1167627565,575d53be-a519-4660-a517-876e5545327d
97,E07000071,Colchester,,596944,223693,0.859777,51.87702,334457052.005089,119135.190950263,07f4c6b3-7811-4e13-89c4-4a7b93ace4bb
98,E07000072,Epping Forest,,548919,203758,0.154147,51.71279,339301257.055405,101264.806748073,7c7aa89a-62b5-4085-8bb8-c0d82fea5a57
99,E07000073,Harlow,,545276,209589,0.103888,51.76614,29849413.0761337,22091.2206166716,12b4027c-7e6a-4465-a603-693c240a6ca5
100,E07000074,Maldon,,591413,212072,0.773106,51.77458,362473007.250893,146325.102714889,eed3fad6-7b08-4e46-9449-9866c94afa6f
101,E07000075,Rochford,,585979,191417,0.683442,51.5909,167087306.824852,104166.929450854,f6563ae5-92d4-4e7c-b632-32817b13aa50
102,E07000076,Tendring,,614190,222141,1.108981,51.85674,330776123.554947,136935.305492254,d35db073-7eab-4357-81e9-91070691aa51
103,E07000077,Uttlesford,,557832,228865,0.294485,51.93592,645320729.848,138938.254981938,b6e2cd11-c92d-47b4-a0b5-f9ebd27fab27
104,E07000078,Cheltenham,,394925,222232,-2.07515,51.89861,46538844.8123627,31000.6848909493,b32099a6-3167-4314-afab-ecd4f6a312a4
105,E07000079,Cotswold,,402125,208209,-1.97059,51.77255,1167648900.8812,275881.53107461,34b44e3d-40e6-4156-889e-ef15a8624919
106,E07000080,Forest of Dean,,367175,212759,-2.47755,51.81249,556456397.217464,165365.647743673,cc7c685e-2ad0-447d-9dae-d35ef1fbf026
107,E07000081,Gloucester,,384071,216449,-2.23263,51.84641,40597168.8924408,28016.8047040126,48c8abc1-4d7c-4b97-acef-dd34d55ea152
108,E07000082,Stroud,,378807,202410,-2.30818,51.72001,472511138.827713,142776.214299069,56aaed8a-d17d-4ee4-b662-59be5968378d
109,E07000083,Tewkesbury,,386347,226279,-2.19998,51.93485,413608560.425072,170195.507768741,05ec92ad-adad-40eb-aecc-f823808a95d7
110,E07000084,Basingstoke and Deane,,454508,151423,-1.22021,51.25937,634599233.280537,122971.049818635,aab4eb6a-3fc5-4753-a22e-ab3f82591472
111,E07000085,East Hampshire,,474404,129237,-0.93971,51.05765,513794826.423504,125516.333157328,18136329-ffbe-4c3d-841a-f074f5354264
112,E07000086,Eastleigh,,447202,116802,-1.32943,50.94872,77756128.4331474,54486.1417028276,1867ed8b-bc40-45da-bc1f-83d6765acfa7
113,E07000087,Fareham,,453774,106319,-1.23742,50.85388,73320624.5521927,46541.884298776,41fe648c-1c98-4ea2-beaa-bbfedf882239
114,E07000088,Gosport,,458769,101088,-1.16731,50.80636,26229871.1596184,27059.0785666176,1a7fbdb2-ccf0-4aa9-a311-65fabfae3b3d
115,E07000089,Hart,,477985,154240,-0.88321,51.28197,213323430.307495,65754.7794881366,6c28e866-a7ad-4a46-b6dd-bc47a1eee1e7
116,E07000090,Havant,,470178,108564,-1.00398,50.87231,55975394.0125771,62451.2469264612,8cf35250-4dc8-4fb3-b81b-399d7522c46d
117,E07000091,New Forest,,428748,106521,-1.59293,50.85748,755100919.747822,168150.420175621,53e7b02f-5601-45b9-8e9c-a88682aae110
118,E07000092,Rushmoor,,486022,153944,-0.76807,51.27815,39413424.6417465,26427.419434277,53256239-3de8-4343-a820-e8aa0743962b
119,E07000093,Test Valley,,434930,137329,-1.50214,51.13417,626217820.387749,158135.341128813,77803939-0df2-452b-92a9-3b821040c779
120,E07000094,Winchester,,453115,125901,-1.24393,51.03002,660893003.930145,142796.070019979,86b07bf0-29c0-4f7f-befa-442c7dbef94f
121,E07000095,Broxbourne,,534742,204251,-0.05073,51.7208,51741960.7321396,34985.1175302326,2ae185ea-3e28-43ac-a488-d82b9b60675e
122,E07000096,Dacorum,,500084,208745,-0.55098,51.76845,214795770.022247,93212.9647855771,e9aa2430-735b-45b6-a243-6adc79572a07
123,E07000098,Hertsmere,,519774,199352,-0.26899,51.68017,99202699.2589111,52255.2330688981,d5a5b372-e3d2-442e-a507-485cc22229d0
124,E07000099,North Hertfordshire,,522192,230256,-0.22314,51.95738,372012846.702461,142748.30331415,49899ef9-0133-43ad-9afb-21fe6318239f
125,E07000102,Three Rivers,,507313,196418,-0.45005,51.65632,88926530.028038,64616.3511846815,7374f8d3-69d8-406b-9147-679518b6aa36
126,E07000103,Watford,,510441,198197,-0.40429,51.6717,22713922.5201874,21681.0689271707,c4463dec-c124-4018-8111-30754fe478ad
127,E07000105,Ashford,,597640,140644,0.823374,51.13096,582956339.772667,122616.908222331,a755bc01-b5d7-4d25-9b5b-f2a0bddb91a5
128,E07000106,Canterbury,,616032,158096,1.096342,51.28102,308421124.624001,95795.9277531576,a8daeaad-b77d-46a1-9c70-fe7f21479d54
129,E07000107,Dartford,,556167,172917,0.245276,51.43373,72794252.8754654,44121.0401128295,d2cbe2df-8266-4b13-8550-46ae62c651ed
130,E07000108,Dover,,628964,150942,1.276887,51.21176,313013710.192039,93876.071655382,1c499133-b47c-4992-8257-3a7771f82b48
131,E07000109,Gravesham,,566969,169114,0.398744,51.39649,95972043.5149918,50003.1457830652,c2f80799-4c15-433d-93e5-595a34d8707f
132,E07000110,Maidstone,,580489,151670,0.584061,51.23566,392203482.572571,101298.680377461,736a858f-57c0-4a06-b18a-f95b8ab15ac7
133,E07000111,Sevenoaks,,552776,155218,0.188936,51.27563,370530445.486061,111493.944282884,78d0d6d8-70e9-446b-af3a-2a8250fe4a8a
134,E07000112,Folkestone and Hythe,,610318,134595,1.000795,51.07213,360190618.483902,127916.665403754,f3cb53a6-94d2-4c1c-ad80-3ea80a71658b
135,E07000113,Swale,,593583,161818,0.776893,51.32251,372073998.326912,163246.837222806,014ed46e-d2d2-4025-9aa4-34da03e81c3d
136,E07000114,Thanet,,631839,166752,1.328226,51.35252,104353853.642616,46248.5398994938,73f73951-c507-4b43-9c85-64b6f4128bd7
137,E07000115,Tonbridge and Malling,,564014,153898,0.349306,51.26064,243613407.557228,91656.6902734208,087b6d77-ea92-41ac-90ae-5a1464f87bd4
138,E07000116,Tunbridge Wells,,573139,136599,0.471632,51.10254,327429439.059631,117002.359413129,5c241b6f-5d45-4e66-857a-81b50c5d09b1
139,E07000117,Burnley,,384886,430882,-2.2308,53.77406,111744597.970947,48840.1303004996,978a0acd-9a15-4728-b5ee-0c58d29b8236
140,E07000118,Chorley,,359189,419724,-2.61921,53.6724,202983727.285568,77347.7464790319,de0ec744-8b2a-4203-9ead-4fd4087b4766
141,E07000119,Fylde,,339554,433811,-2.91914,53.79709,163638816.644257,67395.7785766532,fa10d89e-9587-471f-946a-2be98d34e094
142,E07000120,Hyndburn,,374407,428971,-2.38964,53.75648,73415839.3483887,36632.7068267533,d9f20617-2c2d-4ad2-ab35-ffe3547f2ade
143,E07000121,Lancaster,,356896,464988,-2.6603,54.07901,580197926.12175,167796.931150214,e2904d58-4699-49ad-ade9-a575c41e2c3a
144,E07000122,Pendle,,387637,443368,-2.18957,53.88636,166912809.701309,66104.8783597392,91abd9a8-e9a6-4a43-ad87-07fcd8547dab
145,E07000123,Preston,,352825,436432,-2.71809,53.82202,142889484.479782,61284.8615313238,ce51ac1a-fa47-4f0e-b629-cf772355f224
146,E07000124,Ribble Valley,,372687,447676,-2.4174,53.9245,582688304.384064,127823.438886349,4c9ecf0f-b090-41fa-9e2a-a8149c9ea5c8
147,E07000125,Rossendale,,382827,420955,-2.26149,53.68478,136992197.340469,62470.7413737989,3786bbc3-59b5-463f-b095-14cb09adb1ef
148,E07000126,South Ribble,,352017,425840,-2.72871,53.72675,115177713.236862,66546.2853353254,c96c0310-b7f6-42ab-8f8a-c53d0ea066d2
149,E07000127,West Lancashire,,342611,413270,-2.86893,53.61283,347370097.918755,108677.656853449,c7e1329a-be17-4977-beb0-79a58811c24c
150,E07000128,Wyre,,347295,445159,-2.80359,53.89991,286086072.693558,114180.136996771,6e16fad8-0e03-4776-848b-d4ecc5647391
151,E07000129,Blaby,,454385,297994,-1.19887,52.57706,130075520.505974,80278.7476985504,75687b3e-4843-47e1-9d4b-47b8fa5a2df0
152,E07000130,Charnwood,,458365,316155,-1.13694,52.7399,275627201.428268,93463.6246503569,3575c059-677c-428a-8f90-aef1a9ca1172
153,E07000131,Harborough,,474549,293875,-0.90229,52.53766,595940981.590088,142557.388323314,896b886b-c441-448d-b219-6d1fd31828df
154,E07000132,Hinckley and Bosworth,,439538,301379,-1.41755,52.60877,300065242.895699,93517.8416562169,e27fd482-d2de-4906-a7cd-a5b712effca3
155,E07000133,Melton,,477328,323472,-0.8544,52.80329,484033976.370895,116588.575160207,9ae4c432-d327-44cd-9dd2-4094dbea2107
156,E07000134,North West Leicestershire,,439111,316252,-1.42209,52.7425,278295763.715363,95775.8668063787,892c1ff4-3fb0-44df-8519-a950acfca349
157,E07000135,Oadby and Wigston,,461543,299379,-1.093,52.58875,23221816.1054306,23050.2510544195,908dca0d-56ac-4449-b7e2-849eb34de4ac
158,E07000136,Boston,,526851,343953,-0.11218,52.97794,365480950.676804,105055.934829839,f5201f4f-fde4-421b-96e9-49744449a389
159,E07000137,East Lindsey,,534861,376064,0.020516,53.26446,1772840647.75974,207037.21208444,c38a6529-60c0-4a35-a52b-04faaa6d77e6
160,E07000138,Lincoln,,496347,370096,-0.55848,53.21921,34776950.2810211,28546.9242862253,b5a84b92-e223-41d0-b090-bff38e79c48f
161,E07000139,North Kesteven,,502135,354788,-0.4767,53.08058,921048722.357071,163501.578604876,123852fa-c86c-4de6-b9ba-d1c4644f2424
162,E07000140,South Holland,,532910,322928,-0.03057,52.78758,755106074.991089,141550.212051868,5ce87921-100b-450b-aa49-14f0bf3ea73d
163,E07000141,South Kesteven,,501406,328986,-0.49565,52.84885,942016773.32338,184694.096770289,65afdc1e-acf3-4e63-bd00-fd04d3a204a6
164,E07000142,West Lindsey,,499314,390326,-0.50774,53.40044,1158109574.94255,221129.390113854,0aca79aa-9dc8-49f7-9b7b-85ece81bfa12
165,E07000143,Breckland,,591015,303330,0.818716,52.59421,1301635291.91696,206994.718333475,2ea85c43-6992-4b1b-a111-6acad47129a6
166,E07000144,Broadland,,619864,315909,1.252317,52.69622,551971935.450211,166558.484557316,6f49b5a1-79e9-41c6-bc34-e547c6c6f8bb
167,E07000145,Great Yarmouth,,646761,315881,1.64951,52.68439,180470367.845795,76390.9780577267,a7554ae7-6960-4c92-a2f1-a9be9129b928
168,E07000146,King's Lynn and West Norfolk,,571219,315805,0.533243,52.71283,1437543521.68024,243140.331061228,c0def137-fa1c-4b9a-b000-817a33350d2f
169,E07000147,North Norfolk,,611076,330857,1.132099,52.83389,961332405.820557,222421.342068947,d97df5fe-1095-41a9-8104-fefaa9724b87
170,E07000148,Norwich,,622355,309773,1.284979,52.64013,39013086.974884,35520.6943754003,04014f66-480b-4c8d-ab39-42247f3bb790
171,E07000149,South Norfolk,,628990,295823,1.373233,52.51218,908690749.58194,197259.780692859,479eda04-f56a-4789-8df0-4d2599e3904c
172,E07000163,Craven,,389513,461989,-2.16168,54.05376,1183446002.04614,173493.435786727,9c4909dd-32fb-400c-a00a-a209fd94980c
173,E07000164,Hambleton,,443009,490546,-1.34049,54.30872,1309001677.03976,256078.021722567,cb9edb0d-3a49-4ecb-a0e7-355fc20a415c
174,E07000165,Harrogate,,427473,464652,-1.58161,54.07708,1306604424.52837,211576.8818007,49d4db22-fedd-4661-87ee-cf53cac0ff39
175,E07000166,Richmondshire,,401039,495786,-1.98552,54.35761,1322210844.88812,196158.860431074,f1a4d9fc-aabe-44c1-b9b6-db98ae96a9a9
176,E07000167,Ryedale,,475590,478890,-0.84277,54.20021,1510332018.59103,220961.599496,14515eb6-01f2-4d99-8e37-4cc1e00ea07c
177,E07000168,Scarborough,,495798,495548,-0.52778,54.3465,816214508.069336,200713.225969069,cb6a4753-e900-499f-a8b0-7eb78ef96431
178,E07000169,Selby,,457551,426670,-1.12908,53.73327,606340342.182861,145972.383478094,dde5ffe1-ee38-4bfa-8fb7-6997d6e7fb4c
179,E07000170,Ashfield,,450035,355843,-1.25422,53.09747,108522422.369034,57593.5065691221,e3a5f8ca-a80d-45b2-95c7-bd45915f6c3b
180,E07000171,Bassetlaw,,468073,384835,-0.9787,53.35604,639297385.903076,136469.052799925,1fcfd46e-26ca-4ea6-815f-efbccb7bcd23
181,E07000172,Broxtowe,,449829,341893,-1.25944,52.9721,79451505.742569,52747.5671153141,caf19b72-9dcf-4844-8305-29679809fd3c
182,E07000173,Gedling,,459184,347811,-1.11907,53.02434,120120105.895264,59267.8599647837,03a1be56-0661-4944-ad44-5e60b1ac997c
183,E07000174,Mansfield,,455047,363637,-1.17804,53.16703,78367820.4682922,45444.4194636808,09a43399-8603-4012-a947-63387111a953
184,E07000175,Newark and Sherwood,,470624,357451,-0.94643,53.1096,651135384.66629,159292.081065811,23e0c9de-1260-4561-86d0-2d4b7ad6d02e
185,E07000176,Rushcliffe,,466606,335453,-1.01097,52.9124,410575266.204102,104457.668921033,afd9114f-e775-4b40-928c-b79f38545c80
186,E07000177,Cherwell,,449301,221201,-1.28506,51.8872,590762121.522362,184794.721033809,06f614f4-c06f-46c0-b29f-df9ee8b2210e
187,E07000178,Oxford,,452277,206368,-1.24405,51.75357,45105986.515358,30243.6411134712,22ff507e-d54f-45f3-82c4-90b2db9eefb4
188,E07000179,South Oxfordshire,,463890,191964,-1.07847,51.62288,676304174.131805,172264.462060174,4d50ad8e-4ef6-4ffc-a6d1-ffa2b073a6a6
189,E07000180,Vale of White Horse,,435693,195197,-1.48543,51.65443,582881906.936699,146014.889847101,fca57d5a-68c3-43c7-894e-c7fb57a97996
190,E07000181,West Oxfordshire,,434343,215816,-1.50292,51.8399,713073679.60807,132447.034713829,0feee79e-7e1f-4e61-ba4b-5775b2ebf2e6
191,E07000187,Mendip,,362238,144090,-2.54178,51.19476,740774473.206623,164479.721956446,bed351af-5b6e-4e33-add6-18dec992a488
192,E07000188,Sedgemoor,,338429,143998,-2.88246,51.19186,567104635.448452,160376.468424725,8174539f-4f5f-45b3-aa72-8c619cd6d11d
193,E07000189,South Somerset,,345633,120798,-2.77588,50.98399,962131762.632902,195453.927290764,04fab80a-a92e-4ba0-956c-f29ab1583a3c
194,E07000192,Cannock Chase,,401261,311553,-1.98277,52.70166,79674051.0893326,41988.8442549197,f9367179-2c18-4e3f-ae6d-5a7760d9cf98
195,E07000193,East Staffordshire,,412601,326569,-1.81438,52.83651,394049050.302567,138083.089229006,d85b89f6-d23b-4c0d-8652-fde5a334cacf
196,E07000194,Lichfield,,416283,310967,-1.76049,52.69615,328434453.312813,104021.813450823,204cae70-f006-4464-b8c7-a5bc7558bb90
197,E07000195,Newcastle-under-Lyme,,378199,345174,-2.32631,53.00345,210621411.87487,87776.1226300063,9e320974-65d1-421c-b637-d502e26d6cfd
198,E07000196,South Staffordshire,,389625,311037,-2.15495,52.69692,409479803.07016,152655.33275047,8ce378ca-7c3d-4347-b08f-ffcc1412098d
199,E07000197,Stafford,,389001,327836,-2.16475,52.84792,598925439.774628,128778.872274956,d4e52510-958f-41e5-b999-958e18eda207
200,E07000198,Staffordshire Moorlands,,400543,352443,-1.99334,53.06924,576424736.127121,120005.200161328,4e7660ce-5a07-4adb-9067-744420d0a75e
201,E07000199,Tamworth,,421455,302550,-1.68451,52.62031,30613879.379425,25384.2756741617,6f66cbd9-7195-4c98-8bfe-8b578c5830e2
202,E07000200,Babergh,,599987,244692,0.916149,52.0645,594923868.887527,143129.349209327,4f88416e-958e-49f2-af7f-90e45dbb973a
203,E07000202,Ipswich,,617161,244456,1.166145,52.05592,40844683.5324249,29187.8756753917,b3499f98-9db5-4a52-885b-ed346b8d293d
204,E07000203,Mid Suffolk,,611646,262338,1.096953,52.21859,873326991.566818,159692.968871504,9d22b64c-f4b5-40c4-98f3-542af27b6263
205,E07000207,Elmbridge,,511882,163658,-0.39441,51.36098,95445511.9430771,43265.2412446416,9d262da9-7c2d-479f-9177-a0baf2e0b9a3
206,E07000208,Epsom and Ewell,,521176,161475,-0.26172,51.33945,34819300.3767624,26065.5221260546,9d90b488-7b2f-4bda-9c8a-9f9df74241c6
207,E07000209,Guildford,,500408,151481,-0.56257,51.25366,271962367.118828,104284.418643208,843d908a-ac5f-4cf2-8fbf-e86e939cdc1c
208,E07000210,Mole Valley,,518377,148953,-0.30603,51.22749,256062634.368309,84131.8441108174,0579e54a-8a1d-4d9d-9c4b-cd046a690c66
209,E07000211,Reigate and Banstead,,525786,152574,-0.19871,51.25846,129075181.822792,61530.9442699762,2e476a38-dd88-4520-800b-e3c3a1166eb1
210,E07000212,Runnymede,,501777,166979,-0.53855,51.39273,79350129.2237167,37971.652042701,01b13aad-252e-4619-973e-73df60838792
211,E07000213,Spelthorne,,507012,169622,-0.46254,51.41552,51875873.9542999,34314.7997371659,85f1dc0e-7d2e-4064-97f0-4eadde3e6084
212,E07000214,Surrey Heath,,491362,160483,-0.68986,51.3361,97022373.4408112,46464.6679289864,fe2482b5-30c8-4fb9-b808-6d104e2a83aa
213,E07000215,Tandridge,,536365,150325,-0.04805,51.23581,247431183.307289,69706.0396709635,7e18de4f-e3fd-4ca3-bfe3-3712a60e2927
214,E07000216,Waverley,,496363,140635,-0.62343,51.15686,342995306.936611,103643.071903214,50935f6d-ea7a-4a85-8571-5046310c83d0
215,E07000217,Woking,,499087,157542,-0.57982,51.30837,61706657.2486191,41474.9128572706,f4ad27e1-f84b-4b41-b79b-201da02c4f7a
216,E07000218,North Warwickshire,,425570,296399,-1.6242,52.56484,285090612.987732,96478.8783679953,da8dedbf-fee2-47b1-a6fa-d0bf48ee1ae5
217,E07000219,Nuneaton and Bedworth,,435419,289352,-1.47965,52.50094,77956834.2374802,40985.6677355621,f346d9f2-468e-4b7d-9413-a78b82920b21
218,E07000220,Rugby,,446498,276244,-1.31828,52.38228,349027031.216866,96983.2055659896,661548f4-9d7d-4536-98a4-07ced34921d7
219,E07000221,Stratford-on-Avon,,425019,251536,-1.63565,52.16154,978913596.75515,218005.124607034,1dbc77d4-6202-43dc-9cd0-2ca5cb354b4a
220,E07000222,Warwick,,428484,267113,-1.58369,52.30142,283003861.245522,91460.5108497818,85b0c23f-79c8-4e5c-bd46-55056f662daa
221,E07000223,Adur,,518076,106472,-0.32417,50.84572,41256603.3216286,31646.783415363,39296735-4923-46be-948d-6ed2c6bd2758
222,E07000224,Arun,,495144,105723,-0.64999,50.84321,224516471.856541,96774.63907898,e09737c9-ce00-495f-8668-8de257145a29
223,E07000225,Chichester,,490285,116600,-0.7163,50.94177,786850847.48756,182043.178219739,1f15a976-d439-44b9-8559-8cd8b5e16377
224,E07000226,Crawley,,526390,137581,-0.19533,51.12357,45831413.909523,33575.9682517556,48ca13f9-8959-430b-b30a-e01cf8c23592
225,E07000227,Horsham,,513674,123840,-0.38126,51.00272,530018507.857235,128161.261463293,816ac49e-7b78-42ac-b488-94e733b58e6b
226,E07000228,Mid Sussex,,533054,130623,-0.10272,51.05953,336802141.145512,108958.988468415,94fcd444-a371-4f20-8c81-68644ca99810
227,E07000229,Worthing,,512679,104948,-0.40127,50.8331,30613446.7289047,25741.8272547054,0267f2ff-ad1d-4895-b99b-e44a122f103c
228,E07000234,Bromsgrove,,399840,273736,-2.00376,52.36169,218023975.656708,90567.1218321538,c09f07bd-b827-40c8-9265-7b2bd29442ea
229,E07000235,Malvern Hills,,377465,252197,-2.33089,52.16758,579708192.719101,187652.46804331,f5ef5534-5aec-4872-9183-ee083a667dfe
230,E07000236,Redditch,,403705,265253,-1.9471,52.28541,55070558.6237106,32533.5085728282,88b0b136-19b6-4544-82cf-2979ed6c4d4d
231,E07000237,Worcester,,385725,255196,-2.21025,52.19482,34532079.0234528,23906.971747603,a3024024-13d9-414a-93e9-1106a7366492
232,E07000238,Wychavon,,398991,247839,-2.01614,52.12886,659848231.501556,184017.0813052,a578b471-2c7f-4921-a41a-111fab8d7328
233,E07000239,Wyre Forest,,384106,276388,-2.23494,52.3853,196196712.412308,82043.4435907608,46b90cfd-70ae-4200-aa2d-ed94be835b76
234,E07000240,St Albans,,514580,209623,-0.3407,51.77356,158865311.523544,63002.8257210594,b31091f6-345e-4179-9586-ddf4811cde52
235,E07000241,Welwyn Hatfield,,525345,208467,-0.18518,51.76087,129449585.049072,69326.056596373,78d0c5b8-a190-421b-94f6-484b63bdbbcd
236,E07000242,East Hertfordshire,,537995,220370,0.002739,51.86485,477740926.486076,112056.933583335,44d4b62c-f74c-4f15-a5f8-406f099b80bb
237,E07000243,Stevenage,,524622,224531,-0.18987,51.90539,26824166.0814133,22050.2143265599,0e523301-0b23-4944-a4a3-c33170d5ff42
238,E07000244,East Suffolk,,636043,266272,1.456186,52.24399,1281500704.73772,230669.113043381,e8d3c871-ffbb-42e8-ab2b-6506460c14c5
239,E07000245,West Suffolk,,580944,271124,0.652769,52.30842,1034496710.3861,220613.29740625,8aba6912-96d7-4e7b-aaad-0c559a6dac3b
240,E07000246,Somerset West and Taunton,,304960,130228,-3.35766,51.06348,1191177862.39595,233156.431198163,5110a374-4157-48ae-aa86-12404161c7e3
241,E08000001,Bolton,,368352,409873,-2.47952,53.58449,138708159.810562,64700.0073741873,8f2749bc-03d4-4e9f-b643-0cc07dfde18e
242,E08000002,Bury,,379658,410768,-2.3088,53.5931,100752668.832565,57024.343964005,2cb422f3-5705-4eab-b313-2d95f43d2c31
243,E08000003,Manchester,,384591,397063,-2.23359,53.47009,111895372.049988,69389.3342447551,707171ba-3c8c-4695-8dfd-9491758dca79
244,E08000004,Oldham,,396603,406784,-2.05274,53.55768,144009083.688797,60962.5161536524,fe711d68-8b11-46c5-b0fa-da9afc9fe065
245,E08000005,Rochdale,,390315,412326,-2.14784,53.60741,156240276.628983,70324.1997306319,721d4bcc-35ca-474e-a27f-4a1227eaab55
246,E08000006,Salford,,374556,398128,-2.38485,53.47927,97966760.8522491,56607.4574926673,58befca0-cfcd-41dd-a808-de89ca2081d9
247,E08000007,Stockport,,391806,388264,-2.12467,53.39116,125536175.953476,56951.0021071987,33442a31-ae80-4eb9-b25a-b9030f1dcf1b
248,E08000008,Tameside,,394987,397995,-2.077,53.47867,102159712.453125,43841.7215072139,a01cf6c6-5a77-4c7b-a07a-04cf0b4b7293
249,E08000009,Trafford,,375790,391162,-2.36572,53.41671,108001520.134262,50772.1551214183,f672a0d8-e100-42f9-8312-9046efd2de39
250,E08000010,Wigan,,362136,402126,-2.57247,53.51445,188328606.718338,71520.3471690432,db01f1b7-7291-405d-8073-44d017664206
251,E08000011,Knowsley,,344762,393778,-2.83297,53.43788,86257644.2380219,57788.9038805896,a3de4683-a872-4220-9046-733c361d4c6e
252,E08000012,Liverpool,,339361,390553,-2.91364,53.4083,112980859.111855,54583.1661367886,d8536a2d-20b5-4883-81e9-d55a1f2b86a2
253,E08000013,St. Helens,,353412,395992,-2.7031,53.45862,135955079.347725,64907.6417699786,312bb337-a6e9-47b6-8dfa-c92b8a56feee
254,E08000014,Sefton,,334282,398832,-2.99177,53.4821,153196803.521736,90597.9255049208,1b53d649-86b4-46ee-af29-8117112489ce
255,E08000015,Wirral,,329110,386965,-3.06701,53.37478,152733378.913849,55500.4188905681,dc010898-9bc0-4d10-8d85-4a8bba159e86
256,E08000016,Barnsley,,429979,403327,-1.54925,53.52577,327231730.553528,106147.881594816,161322d6-26cf-4b59-bb2c-17ecd2d8ef90
257,E08000017,Doncaster,,459167,403735,-1.10894,53.52697,567273208.501099,116245.904311694,8c548bc7-8338-47fa-b6f6-b496e001bb0f
258,E08000018,Rotherham,,447542,388980,-1.28651,53.39553,289185192.302475,88845.3632514031,7b115a2d-8578-4688-a5ce-fc0d0c4a834b
259,E08000019,Sheffield,,430511,389736,-1.54254,53.40358,366749529.310562,114173.751548161,af983ac5-c41f-458b-abbb-023b7bf76533
260,E08000021,Newcastle upon Tyne,,422287,569661,-1.65297,55.021,113003066.389252,53430.2042780775,3d4cc8cc-aea9-47f9-a90e-a11705c63c2b
261,E08000022,North Tyneside,,431471,570602,-1.50923,55.02896,83783921.7871857,48717.7020726929,73ad9bc5-78b8-473b-8fbd-c8b389829f5d
262,E08000023,South Tyneside,,435514,564057,-1.44679,54.96988,62186662.1738892,33704.0864721107,64ce11af-e2ad-4513-b87f-ff3b457dffb7
263,E08000024,Sunderland,,436470,551524,-1.43344,54.85719,136397343.069168,57291.2728352348,837fcd3f-f32b-49fb-942e-09771729f8e3
264,E08000025,Birmingham,,408150,287352,-1.88141,52.48404,269026608.653671,88776.3432187477,e3ba00fa-aea0-4de3-ab84-587c46d3106e
265,E08000026,Coventry,,432807,279689,-1.51908,52.41423,99799013.6588593,43481.4057273969,83c6a6c0-ea5f-43d5-82aa-7e853175fd4b
266,E08000027,Dudley,,393191,288584,-2.10171,52.49513,97264778.3219223,60125.2237570879,9e37754b-f4bd-46ad-9482-4778458e389a
267,E08000028,Sandwell,,399573,290764,-2.00771,52.51477,85222122.4991226,48306.2485949548,d6117ffa-cbd5-4904-9de4-057f6e59fc4f
268,E08000029,Solihull,,419434,281483,-1.71558,52.431,177542587.9058,82695.460772941,41223f6b-ff7c-499a-aa2a-8c59c39fdf1d
269,E08000030,Walsall,,402098,300804,-1.97044,52.60503,104027261.810837,49836.8728324194,7dc2e153-1f71-41c8-ab5d-7b380bf2254f
270,E08000031,Wolverhampton,,391463,300016,-2.12746,52.59788,69466620.7597809,41126.9610793456,d043188b-8754-42d1-adf1-8b560c9c4a6c
271,E08000032,Bradford,,408395,438626,-1.87389,53.84382,368386843.278992,113226.190390702,5843ce8e-e6e7-4ec1-b925-f65f9162edba
272,E08000033,Calderdale,,402617,424896,-1.96182,53.72048,367618489.551361,94050.2456636642,1d06161b-cc58-4aa2-802a-29b16262f768
273,E08000034,Kirklees,,414586,416223,-1.78085,53.64233,405306353.685074,106837.808448509,003be6cf-74b5-45f1-bb39-bc04abb0f65d
274,E08000035,Leeds,,432528,436384,-1.50736,53.82273,550578568.396973,133753.100779886,dc1ae686-2511-4d31-bf4a-3e594c0be755
275,E08000036,Wakefield,,438366,418235,-1.42092,53.65922,337273075.097092,90373.7394989731,046ba230-8f1f-4ced-802e-06ed57bfea06
276,E08000037,Gateshead,,420159,559652,-1.68694,54.93115,147498927.158585,67931.2089342222,cfc724fa-12d8-44e4-b017-efd71db5c97c
277,E09000001,City of London,,532382,181358,-0.09351,51.51564,2677121.54029846,6902.16449624465,5d519637-1e55-46cf-a986-13e4a4c314f2
278,E09000002,Barking and Dagenham,,547757,185111,0.129479,51.54555,36394133.785675,31246.0360022268,bee90043-7fec-4756-abba-eef026d549df
279,E09000003,Barnet,,523473,191752,-0.21819,51.61107,86664945.9042206,41943.7866617034,f86affe9-5a0b-4b00-968a-19613c5f6f37
280,E09000004,Bexley,,549202,175434,0.146212,51.45822,61697815.9174805,36621.9965718303,a6f6cfd9-6ae6-4c59-99db-155a8571a6ae
281,E09000005,Brent,,519615,186465,-0.27568,51.56438,44179370.1184082,33216.3568265264,89f3a489-897a-41bb-817f-478445901f9f
282,E09000006,Bromley,,542036,165707,0.039246,51.37266,150198717.658524,63022.478374478,1a558d59-681e-4391-910d-4054ff2d9af1
283,E09000007,Camden,,527491,184283,-0.16291,51.54305,21269432.2465897,22059.4704119237,1cc07d20-79aa-468d-b2ae-762b9266c228
284,E09000008,Croydon,,533922,164744,-0.07761,51.36597,85975622.9609299,46714.4072791115,d417e90c-2738-477f-bbf5-0700998d0923
285,E09000009,Ealing,,517055,181959,-0.3141,51.52442,54703293.5004959,39296.8632324367,7108816d-deb3-4773-9510-5bea493b1686
286,E09000010,Enfield,,532831,196198,-0.08144,51.64889,83007482.2971954,37695.486839901,8019fb95-5df1-436c-8c8f-7f1d95d52d28
287,E09000011,Greenwich,,542507,175878,0.050093,51.46394,47365109.4668427,37969.729649055,1e464479-3653-433b-b3a6-433ba27d7d1e
288,E09000012,Hackney,,534560,185787,-0.06045,51.55492,19832965.0710449,21351.2523509213,36befd57-eb1f-4fa2-9b5e-3fc03710ef86
289,E09000013,Hammersmith and Fulham,,523867,177993,-0.21735,51.48733,17334834.7195663,20302.428508753,e63f91c6-6f2e-4f87-92aa-e508c3379502
290,E09000014,Haringey,,531260,189349,-0.1067,51.58771,28656867.0462112,25726.8573241027,0307bfb2-473f-4f75-ad53-0c415f799238
291,E09000015,Harrow,,515359,189736,-0.33598,51.59467,51801479.5922928,31182.0556027942,7974c191-4ed3-4160-b500-c6901fdc66dd
292,E09000016,Havering,,555032,187514,0.235368,51.56519,113343593.640938,58347.626843051,02d817cb-25a9-4b75-b3c5-18bf23e09035
293,E09000017,Hillingdon,,508166,183121,-0.44182,51.53664,115513311.430077,55983.0930020594,bba764e7-953d-40b5-adc8-9a9233195e68
294,E09000018,Hounslow,,512737,174959,-0.37855,51.46238,56820418.8694992,46714.5720246651,4968acc6-639f-479c-b8f2-5d7ef76e73c3
295,E09000019,Islington,,531160,184645,-0.10989,51.54546,15147055.2425613,17529.0688543183,c9aa8864-db67-40e3-a462-186f427c701f
296,E09000020,Kensington and Chelsea,,525756,179058,-0.18977,51.49648,11387818.7860947,17844.7683544188,c58f07f6-18e6-45f0-9a31-1da50d06c09d
297,E09000021,Kingston upon Thames,,519508,167389,-0.28367,51.39296,37995818.5028,33046.9870092212,10fc4c11-b619-4273-8b24-9d542c7d8d18
298,E09000022,Lambeth,,531118,175629,-0.11385,51.46445,27177247.5817642,28899.8874209809,4bbe09f3-457e-48ae-90d3-01e08f2869eb
299,E09000023,Lewisham,,537888,173343,-0.01734,51.4423,34349575.7534714,30899.7611485654,5bb24b73-c057-46bd-9a3b-e3b6df82c460
300,E09000024,Merton,,526068,169508,-0.18868,51.41058,37363852.638855,27911.0856494803,c3478af1-3e59-4437-8b3c-3fda4a95b98e
301,E09000025,Newham,,540713,183346,0.027261,51.53149,37051007.3367844,25735.8953567101,7d792caf-e86a-4f46-a700-00652fea7ef4
302,E09000026,Redbridge,,543512,189477,0.070085,51.58588,57732626.1653061,36057.1402258099,efe44ec2-c12a-4739-85d5-fac804d1a501
303,E09000027,Richmond upon Thames,,519005,172650,-0.28914,51.44035,57385323.2453613,45187.6673605975,015cfe04-686d-4aa9-bb6e-2774d66b848f
304,E09000028,Southwark,,533945,175869,-0.07308,51.46594,29841652.261528,28202.7550044207,22b8ed7e-4567-4fd5-9610-068b7ef97f3e
305,E09000029,Sutton,,527357,163639,-0.17226,51.35755,44490891.071579,32955.8516850641,7195e83c-24ad-44ee-adf0-2b960d77885a
306,E09000030,Tower Hamlets,,536340,181452,-0.03647,51.51554,19520427.9490662,25466.6642399339,6a5f844d-3c00-446e-9a90-77123aff68eb
307,E09000031,Waltham Forest,,537328,190278,-0.0188,51.59461,39280519.9152603,28358.2612712938,5a1c50cf-60f0-43d0-9dde-37d85a509da0
308,E09000032,Wandsworth,,525152,174138,-0.20021,51.4524,35067557.863739,32987.6374953794,b7f93e3a-15c1-4103-9da6-76ac3b80c8e4
309,E09000033,Westminster,,528268,180871,-0.15295,51.51221,22896812.7878189,22657.0608258363,d6c64790-f516-40fa-bcb2-57c61dadb728
310,N09000001,Antrim and Newtownabbey,,130813,541285,-6.1776,54.69386,725800900.120255,145231.019636579,f01076c3-27bc-4092-9c5e-7a700f318db8
311,N09000002,"Armagh City, Banbridge and Craigavon",,112110,508158,-6.43455,54.3867,1436130454.06779,200894.65894096,8ef8aef8-893f-4450-870f-058350c19c7e
312,N09000003,Belfast,,146465,529747,-5.92535,54.59853,137794045.948524,55370.5928221429,dcd4e245-6a12-4d8d-8c2d-67e49fb51d96
313,N09000004,Causeway Coast and Glens,,106168,581420,-6.5996,55.03962,1985252735.1104,285674.037232756,0cf59442-d255-45cf-9d3e-2655a9a4f0bb
314,N09000005,Derry City and Strabane,,51779,559566,-7.42064,54.80904,1246637562.23223,232729.547862666,7b2c5f0e-49aa-41b8-b7f0-b1336caf00e0
315,N09000006,Fermanagh and Omagh,,41233,513013,-7.5271,54.38521,3009094379.15599,353603.406453789,efae8f07-65db-478f-95e6-486e9300e259
316,N09000007,Lisburn and Castlereagh,,138712,518920,-6.03545,54.49752,511681193.38274,133181.921325895,dca7d3ad-2378-44e2-b537-101c90b0a005
317,N09000008,Mid and East Antrim,,133943,560151,-6.14645,54.86462,1064497440.10838,198438.99519978,cffeb5ec-01ef-4cf8-a6f0-7ca5d0aa0110
318,N09000009,Mid Ulster,,83920,528564,-6.8889,54.55273,1960344170.3862,267949.605613351,0ee113a4-1435-4b08-a10f-7bda590826f6
319,N09000010,"Newry, Mourne and Down",,133006,480432,-6.08891,54.14953,1686596198.20423,292916.734120249,c0c6f235-8bde-44e0-8977-16a727fc9639
320,N09000011,Ards and North Down,,164321,524944,-5.64568,54.56409,568030930.81765,133209.669094846,d278bbb2-d5c5-4ded-bcd8-37f59f373bd1
321,S12000005,Clackmannanshire,,291178,696402,-3.75316,56.14784,162845692.195908,72430.0037943694,4bc4358e-b3f5-4654-8b7c-821bb6ca6dab
322,S12000006,Dumfries and Galloway,,270645,579856,-4.02863,55.09621,6444950609.26756,672020.997095967,2acd0a4e-40fb-4c57-8c44-30833597f74d
323,S12000008,East Ayrshire,,255398,624935,-4.29057,55.49674,1272832615.86668,276686.020027799,5b597954-421a-4dde-9020-ff0b31834e3f
324,S12000010,East Lothian,,354854,672351,-2.72435,55.94207,678145466.377594,140169.73281082,6dba8181-dd8d-4466-a266-bb58b763cecf
325,S12000011,East Renfrewshire,,251929,653115,-4.3606,55.74868,175683611.934464,75237.1219538965,85e5ca09-0536-44ae-a18f-8e2ba416bb08
326,S12000013,Na h-Eileanan Siar,,126473,932862,-6.65722,58.19938,3039223462.58513,1598293.41932145,cf450aad-4517-4865-a3d7-68537ee9d5f1
327,S12000014,Falkirk,,285585,680168,-3.83619,56.00075,299676109.961548,106975.967832115,f6257feb-1b41-4e09-b270-46f529948622
328,S12000017,Highland,,241018,858292,-4.66103,57.58657,26119282747.4341,3078817.46531343,64e6467d-6918-489f-b5ba-62996402496a
329,S12000018,Inverclyde,,227922,670894,-4.75387,55.9003,163739391.541351,61858.0599087551,49a4e354-f4dd-4b3f-9757-2a75f23a5b5b
330,S12000019,Midlothian,,330088,659217,-3.11738,55.82111,354813985.93425,110233.841227701,49cbc6a4-f7f1-49d4-9e54-15e239a85121
331,S12000020,Moray,,328015,843590,-3.20202,57.4768,2250631435.12309,339066.360121661,ddfc0ad9-2a50-44fc-a96c-496863698e89
332,S12000021,North Ayrshire,,228996,651640,-4.7246,55.72789,880766049.365005,256095.25940534,3db8b4da-5d40-4d59-85af-26e14a3bbfac
333,S12000023,Orkney Islands,,348293,1006584,-2.90025,58.94334,992881457.774963,769874.412014164,9b67d45f-4485-4a2e-aa80-f21b3df492ff
334,S12000026,Scottish Borders,,345889,626137,-2.85869,55.52595,4743912076.49902,430321.24513575,500c9b9b-2c0c-4754-879e-22e37414fbe9
335,S12000027,Shetland Islands,,434516,1180307,-1.37344,60.50495,1430660049.30353,1177262.05009023,0946435c-557a-47d3-8e80-bfccf08d93c8
336,S12000028,South Ayrshire,,226545,596271,-4.72899,55.23008,1221025268.86559,246313.432250481,5c6d8366-12e9-4573-8cab-48f20abb3596
337,S12000029,South Lanarkshire,,284634,636071,-3.83272,55.60453,1771615500.64397,247590.081940624,abb74c17-6364-447e-85ff-90d7a204f2d7
338,S12000030,Stirling,,255980,708769,-4.32595,56.24953,2259083398.41556,286927.508850726,8da3a423-9248-490e-a3e8-0ae76d617e97
339,S12000033,Aberdeen City,,387763,808479,-2.20398,57.16697,186578693.000488,81373.8980626391,84f66be0-ccf9-4760-8bbf-840352e37584
340,S12000034,Aberdeenshire,,352284,816277,-2.79208,57.23469,6321075874.66251,549934.652753982,968c1c3b-5264-4219-840b-6a1cc4e674f8
341,S12000035,Argyll and Bute,,200740,715443,-5.22114,56.28944,6962629958.00507,2180164.90417448,728693cf-3fc9-47c8-9769-5acd7987abe3
342,S12000036,City of Edinburgh,,320193,669417,-3.27826,55.9112,263257604.883408,88848.0201269482,c7526c85-a936-45da-a8dd-1bb7e4c020c7
343,S12000038,Renfrewshire,,239305,664698,-4.56834,55.84862,269710246.439316,89379.6211989031,253a9a0f-be75-4410-ae69-7989f5e23eea
344,S12000039,West Dunbartonshire,,242904,681586,-4.52074,56.0014,179457861.602951,73529.8749478943,12b0a81c-cba1-45af-9b91-b8c721af8af7
345,S12000040,West Lothian,,299483,668514,-3.60909,55.8992,427172556.685608,113022.002886719,a78bf5c2-8ba9-419c-a06c-780fa607f5fb
346,S12000041,Angus,,345506,759636,-2.8921,56.72518,2194117982.30219,245544.533643781,058b421a-2874-4aca-bf8c-41993a940a38
347,S12000042,Dundee City,,340291,732145,-2.97095,56.4776,57821977.2098694,39632.7891345904,03fa67b2-ceae-46c2-9af6-8ebbe97f2673
348,S12000045,East Dunbartonshire,,261240,676154,-4.22417,55.95829,173578352.18251,83606.6273080683,85e1bd85-73ae-413f-8b51-2f320537c3fc
349,S12000047,Fife,,339187,704721,-2.98251,56.23112,1323366700.5894,248412.104097408,33d68ed9-34d4-45d1-9f2e-4ea6f85010f2
350,S12000048,Perth and Kinross,,284302,744185,-3.88484,56.57528,5385357474.75748,485178.461844592,d6e17411-92d3-4354-8f35-36db68b68758
351,S12000049,Glasgow City,,261534,667033,-4.21479,55.87649,178529066.400253,87927.4678219518,fd943980-1e64-4f29-b29b-3e81c01d3543
352,S12000050,North Lanarkshire,,277984,665608,-3.9514,55.86814,470403040.707123,139061.786893944,ee7fbb2a-3992-43f5-b1e5-c2da2677d85c
353,W06000001,Isle of Anglesey,Ynys Môn,245217,378331,-4.32298,53.27931,715209682.948448,178624.878323365,87f15648-f8e7-43b8-a24d-d46eca45cc02
354,W06000002,Gwynedd,Gwynedd,280555,334966,-3.77715,52.89883,2553433037.99784,411986.283105435,41cc35bd-bfab-4583-b119-756933b18bf3
355,W06000003,Conwy,Conwy,283293,362563,-3.74646,53.14739,1137063898.89409,195518.028627728,91e7dc20-afc5-4518-b3a2-8e900929a4e4
356,W06000004,Denbighshire,Sir Ddinbych,309843,355416,-3.34761,53.08833,834229700.102371,188285.825767837,5e6e2fe6-bfaf-458e-ac28-23b12fa0f129
357,W06000005,Flintshire,Sir y Fflint,321134,369280,-3.18248,53.21471,433977246.850761,129379.645121308,8a882f9e-be8d-45fd-bee5-e948d7c619fb
358,W06000006,Wrexham,Wrecsam,333523,345387,-2.99203,53.00167,506885367.147919,155283.77627925,abaadff5-4672-433a-b263-a3926545c934
359,W06000008,Ceredigion,Ceredigion,267127,268437,-3.94993,52.29795,1781831218.38643,256694.164436773,7bd7339f-017b-46ab-8abf-bb781b1bc259
360,W06000009,Pembrokeshire,Sir Benfro,199821,221392,-4.90818,51.85513,1628763846.90121,361107.053246734,8e20ccaf-e1c3-4e96-a365-22b234167c0a
361,W06000010,Carmarthenshire,Sir Gaerfyrddin,247954,224133,-4.2111,51.89495,2381092295.26535,284419.084953587,8978050b-4434-448e-859e-238a9a57d80b
362,W06000011,Swansea,Abertawe,264022,197308,-3.96723,51.65806,383642324.192703,116627.963704057,94f43201-c8b8-47df-ba5f-5f60be63f268
363,W06000012,Neath Port Talbot,Castell-nedd Port Talbot,279261,195412,-3.74638,51.6445,446557917.441917,119094.921177167,8ec17f44-f8f6-47a7-ba34-a98393a239e9
364,W06000013,Bridgend,Pen-y-bont ar Ogwr,288231,185870,-3.61375,51.5606,249408149.893684,76260.2886923601,10279abd-1c7a-4272-9030-805a89a5634d
365,W06000014,Vale of Glamorgan,Bro Morgannwg,302947,173080,-3.39801,51.44836,329187507.046158,86698.3425244419,e1f5acd8-b8a2-47f6-9919-3ecbe6c15a8c
366,W06000015,Cardiff,Caerdydd,315272,178887,-3.22209,51.50254,142068104.619137,54383.2370706351,53d6438f-5ad5-4a1f-83b4-0073576b634d
367,W06000016,Rhondda Cynon Taf,Rhondda Cynon Taf,302237,192395,-3.41359,51.62185,422322765.345913,112336.533505479,b5729647-44a0-41a6-8ad2-800fdc947559
368,W06000018,Caerphilly,Caerffili,317245,195259,-3.19753,51.65001,277815064.267841,98224.5000004764,ee1b3611-45ca-4984-9411-08fc1cd9f235
369,W06000019,Blaenau Gwent,Blaenau Gwent,318236,206771,-3.18592,51.75364,109273372.239006,58166.9529683021,c4bbeda5-d2c2-45cf-9a71-bdde87295d51
370,W06000020,Torfaen,Torfaen,327459,200480,-3.05101,51.69836,125716747.279713,68469.967277748,e1dac0d2-58a0-4011-965e-48c9aeb29078
371,W06000021,Monmouthshire,Sir Fynwy,337812,209231,-2.9028,51.77827,854473392.064545,181596.37947322,6e987df7-a736-46d6-9ff2-2f241dcaec16
372,W06000022,Newport,Casnewydd,337897,187432,-2.89769,51.58231,192540015.193893,81882.1942381903,9b234f0a-0676-4b12-b107-c84ff3669bd5
373,W06000023,Powys,Powys,302329,273255,-3.43531,52.34864,5199755131.33841,504309.884218643,47569dc0-84f3-40f9-867f-c74845b0e5b2
374,W06000024,Merthyr Tydfil,Merthyr Tudful,305916,206424,-3.36425,51.74858,113429186.940109,59195.3263419334,0bcc7cd3-3b0f-4827-a2a4-c8245ba5826f
